<?xml version="1.0" encoding="UTF-8"?>
<beans xmlns="http://www.springframework.org/schema/beans"
	xmlns:xsi="http://www.w3.org/2001/XMLSchema-instance"
	xmlns:context="http://www.springframework.org/schema/context"
	xmlns:tx="http://www.springframework.org/schema/tx"
	xmlns:aop="http://www.springframework.org/schema/aop"
	xsi:schemaLocation="
	http://www.springframework.org/schema/beans 
	http://www.springframework.org/schema/beans/spring-beans-3.0.xsd 
	http://www.springframework.org/schema/context 
	http://www.springframework.org/schema/context/spring-context-3.0.xsd
    http://www.springframework.org/schema/tx 
	http://www.springframework.org/schema/tx/spring-tx-3.0.xsd
	http://www.springframework.org/schema/aop 
	http://www.springframework.org/schema/aop/spring-aop-3.0.xsd
	">
	<!-- 自动扫描 -->
	<context:component-scan base-package="com.vip"/>
	
	<!-- 数据库连接数据引入 -->
	<context:property-placeholder location="classpath:config.properties"/>
	
	<!-- 数据库配置 -->
	<bean id="dataSource" class="com.mchange.v2.c3p0.ComboPooledDataSource">
		<property name="jdbcUrl" value="${jdbc_url}"></property>
		<property name="user" value="${jdbc_username}"></property>
		<property name="password" value="${jdbc_password}"></property>
		<property name="driverClass" value="${driverName}"></property>
	</bean>
	
	<!-- 配置SessionFactory -->
	<bean id="sessionFactory" class="org.springframework.orm.hibernate4.LocalSessionFactoryBean">
		<!-- 指定配置文件位置 -->
		<property name="configLocation" value="classpath:hibernate.cfg.xml"></property>
		<property name="dataSource">
			<ref bean="dataSource"/>
		</property>
		<!-- <property name="hibernateProperties">
			<props>
				<prop key="hibernate.current_session_context_class">thread</prop>
			</props>
		</property> -->
		<!-- 包扫描方式加载注解类 -->
		<property name="packagesToScan" value="com.vip.*"/>
	</bean>
	
	<!-- 配置声明事物管理 -->
	<bean id="txManager" class="org.springframework.orm.hibernate4.HibernateTransactionManager">
		<property name="sessionFactory" ref="sessionFactory"></property>
	</bean>
	
	<!-- 用注解来实现事务管理 -->
	<tx:annotation-driven transaction-manager="txManager"/>
</beans>